{
    "name" : "Palmira",
    "location": [
        [18.876982, -99.220337],
        [18.876799, -99.219173], 
        [18.876566, -99.219205], 
        [18.875642, -99.219688],
        [18.875672, -99.21986], 
        [18.875718, -99.219978],
        [18.875824, -99.220117], 
        [18.875941, -99.220182], 
        [18.876149, -99.220176],
        [18.876317, -99.220165], 
        [18.876591, -99.220214], 
        [18.876743, -99.220289],
        [18.876982, -99.220337]
    ],
    "refRoad": "Road_1522298728228",
    "startPoint": [18.876982, -99.220337],
    "endPoint": [18.876982, -99.220337],
    "totalLaneNumber": 2,
    "maximumAllowedSpeed": 20 ,
    "minimumAllowedSpeed": 10,
    "width": 3
}