{
    "refRoad": "Road_1524105730856",
    "name" : "Gloria Almada de Bejarano 2",
    "location": [
        [18.875393, -99.220134],
        [18.875454, -99.220202],
        [18.875748, -99.220638],
        [18.875992, -99.221072],
        [18.876198, -99.221479],
        [18.876244, -99.221544],
        [18.876322, -99.221619],
        [18.876352, -99.221646],
        [18.876426, -99.221687],
        [18.877086, -99.221886],
        [18.877188, -99.221922],
        [18.877275, -99.221963],
        [18.877624, -99.222141],
        [18.877689, -99.222156],
        [18.877721, -99.222160],
        [18.877788, -99.222161],
        [18.877862, -99.222147],
        [18.877942, -99.222124],
        [18.878049, -99.222071],
        [18.878107, -99.222019],
        [18.878211, -99.221888],
        [18.878255, -99.221809],
        [18.878295, -99.221697],
        [18.878355, -99.221470],
        [18.878422, -99.221304],
        [18.878488, -99.221209],
        [18.878544, -99.221163],
        [18.878601, -99.221144],
        [18.878936, -99.221113],
        [18.879017, -99.221087],
        [18.879098, -99.221041],
        [18.879203, -99.220965],
        [18.879332, -99.220862]
    ],
    "startPoint": [18.875393, -99.220134],
    "endPoint": [18.879332, -99.220862],
    "totalLaneNumber": 1,
    "laneUsage" :  ["forward"],
    "maximumAllowedSpeed": 20 ,
    "minimumAllowedSpeed": 5,
    "width": 3
}
