{
    "refRoad": "Road_1524105730856",
    "name" : "Gloria Almada de Bejarano 1",
    "location": [
        [18.879397, -99.221053],
        [18.879424, -99.221110],
        [18.879457, -99.221157],
        [18.880001, -99.221672],
        [18.880033, -99.221721],
        [18.880055, -99.221778],
        [18.880055, -99.221822],
        [18.880046, -99.221891],
        [18.880020, -99.221945],
        [18.880004, -99.221963],
        [18.879919, -99.222004],
        [18.879869, -99.222015],
        [18.879810, -99.222013],
        [18.879780, -99.222009],
        [18.879751, -99.221995],
        [18.879720, -99.221973],
        [18.879477, -99.221681],
        [18.879303, -99.221507],
        [18.879259, -99.221478],
        [18.879229, -99.221468],
        [18.879195, -99.221460],
        [18.879137, -99.221462],
        [18.879092, -99.221475],
        [18.878930, -99.221607],
        [18.878862, -99.221691],
        [18.878710, -99.221859],
        [18.878541, -99.222060],
        [18.878374, -99.222289],
        [18.878237, -99.222435],
        [18.878113, -99.222528],
        [18.878085, -99.222541],
        [18.877959, -99.222582],
        [18.877653, -99.222644],
        [18.876988, -99.222678]
    ],
    "startPoint":[18.879397, -99.221053],
    "endPoint":[18.876988, -99.222678],
    "totalLaneNumber": 1,
    "laneUsage" :  ["forward"],
    "maximumAllowedSpeed": 20 ,
    "minimumAllowedSpeed": 5,
    "width": 2

}
